meter_id,orginal_mean,modified_mean,anomalous_subsequeces,minimum_lengths,maximum_lengths,total_anomalies
0,8.655677656178751,7.8294162142776464,663,1,1,663
1,109.25840431486549,101.54797029299844,485,1,1,485
2,5.392410721614227,4.95529415629647,571,1,1,571
3,113.44285343137254,104.64951649274602,535,1,1,535
4,126.25033259233926,117.9449280541568,449,1,1,449
5,391.90267436730505,376.2139058982447,268,1,1,268
6,96.45257199612404,93.86412160230246,182,1,1,182
7,21.712077844277243,20.910220868590468,261,1,1,261
8,27.226771654126765,25.7291571665753,378,1,1,378
9,0.5941327405380757,0.5752443268353773,211,1,1,211
10,35.72555473096216,32.491570050217014,630,1,1,630
11,6.081012089603283,5.579656132529759,583,1,1,583
12,21.466634803921565,20.34705459072302,351,1,1,351
13,382.0134207763338,355.78848517425723,476,1,1,476
14,349.90818054035566,337.15727554208246,248,1,1,248
15,139.52195197218424,129.83678747911677,475,1,1,475
16,30.110841923164614,28.658540215154925,333,1,1,333
17,27.235133971728224,25.406793158072418,455,1,1,455
18,61.02884001367989,58.14710993659962,323,1,1,323
19,28.531526932284535,27.164254275831,328,1,1,328
20,211.13161714546288,187.09685764904523,690,1,1,690
21,67.08675124829001,62.003154862083456,494,1,1,494
22,59.816566113771096,54.86667036065219,571,1,1,571
23,42.28661189580483,40.676703449226586,256,1,1,256
24,53.93662496580028,49.95350588435254,504,1,1,504
25,121.63127445280438,111.87345904525283,557,1,1,557
26,83.74263795599634,75.5165739708368,676,1,1,676
27,94.49975273027817,91.39602721483723,224,1,1,224
28,72.37394235636114,67.74664409965827,440,1,1,440
29,83.93857440150478,78.24208510807546,467,1,1,467
30,104.43287841997264,94.32939086555098,672,1,1,672
31,142.14468994528045,132.69517705395327,454,1,1,454
32,51.112405996352024,48.365056711902334,363,1,1,363
33,12.180541512767897,11.253324798054777,528,1,1,528
34,21.963534040127676,20.9680931803154,315,1,1,315
35,67.26325706224351,61.15324768804741,634,1,1,634
36,42.63609766871865,40.45615105174796,341,1,1,341
37,114.2839498632011,106.36549080043751,477,1,1,477
38,77.6131464375285,70.7007558919257,607,1,1,607
39,3.355992932056543,3.246389905924867,223,1,1,223
40,34.44522159142727,32.37236746538676,410,1,1,410
41,485.9825061901505,449.2777621765645,521,1,1,521
42,132.0994416096671,118.6575803605611,695,1,1,695
43,11.378674618103055,11.009626216325797,220,1,1,220
44,80.44971604537163,74.91980524611992,467,1,1,467
45,75.11635525535796,67.93097267999948,659,1,1,659
46,87.07005228568171,83.28455696399149,288,1,1,288
47,110.1132195109439,97.36386659574275,504,1,1,504
48,44.57856693456452,42.50386718166546,316,1,1,316
49,106.31462087893296,99.01149538580135,470,1,1,470
50,183.90062700638396,171.50604256501998,455,1,1,455
51,27.930279810761512,25.6941717785274,572,1,1,572
52,52.411097771317834,51.009951275441814,185,1,1,185
53,35.61163830939352,32.38857457643578,615,1,1,615
54,6.466507136342909,5.957063645316203,520,1,1,520
55,41.786148666210664,38.45622790118719,546,1,1,546
56,38.73693846329229,34.887974869997656,699,1,1,699
57,192.59198785909712,176.6518517641666,585,1,1,585
58,4.113822292521661,3.9978786927306436,188,1,1,188
59,119.80618926698587,116.60685121643836,180,1,1,180
60,294.3766521773826,283.64494929817795,244,1,1,244
61,34.28815596785225,32.741525208077576,310,1,1,310
62,29.273530768353854,27.182589855258428,492,1,1,492
63,14.092549236206109,13.729783777624965,187,1,1,187
64,78.17889047537619,70.87626735413627,651,1,1,651
65,56.864804337665305,52.22011353001212,564,1,1,564
66,98.49819495554036,95.78975863963575,189,1,1,189
67,1.0462431144550843,0.9478281155009296,667,1,1,667
68,40.46129154696762,39.01923250529266,243,1,1,243
69,58.51853481532147,54.856727537218326,425,1,1,425
70,100.38905478226175,92.2489779545789,560,1,1,560
71,57.21180520975832,53.13792619005754,490,1,1,490
72,25.387893787049705,24.688778598219983,191,1,1,191
73,41.88245398996808,38.300077631310685,591,1,1,591
74,10.798903288873689,9.861833003811888,573,1,1,573
75,122.45863560761515,117.50668404539181,269,1,1,269
76,34.84843320223439,33.05706639193214,359,1,1,359
77,2.8110717225262194,2.6871221276982604,287,1,1,287
78,5.396661097811218,5.11108858331978,370,1,1,370
79,206.6393224407205,198.81461715557703,247,1,1,247
80,127.25334604423163,118.10237688239422,487,1,1,487
81,72.29545794003648,69.18061671173176,297,1,1,297
82,105.93721741336068,102.55411206725846,221,1,1,221
83,17.958932028043773,16.9376173465193,403,1,1,403
84,66.68633193114455,64.70874171472823,203,1,1,203
85,25.900890224578202,24.209091934812378,456,1,1,456
86,91.47192453260374,87.64599670772401,282,1,1,282
87,16.65471044231646,15.313461056449299,557,1,1,557
88,53.61247127792977,48.53566780930379,662,1,1,662
89,18.52985224008208,16.634447242194895,701,1,1,701
90,37.05743495782034,33.450059063165654,681,1,1,681
91,118.7128832592339,106.62705999805286,694,1,1,694
92,381.8022594847241,359.4049303293138,398,1,1,398
93,23.787490709074326,22.86560118233066,259,1,1,259
94,124.10622514819882,118.30998546664698,323,1,1,323
95,337.1769971785225,303.2823742366398,700,1,1,700
96,39.402075170998636,36.307751866380016,554,1,1,554
97,195.4162025478796,176.34694195816883,667,1,1,667
98,5.16886752735978,4.986652343821797,283,1,1,283
99,305.61213484382125,278.4018629992267,603,1,1,603
100,35.28608629730962,33.85912647362025,282,1,1,282
101,45.81975752963976,42.041866439585256,583,1,1,583
102,41.62919579343365,38.424351152618016,526,1,1,526
103,21.564928767669862,20.156103871329353,450,1,1,450
104,21.384233128134973,19.981587498789985,448,1,1,448
105,140.3392472241222,136.05076577265538,261,1,1,261
106,31.057227496580026,28.77640696822289,641,1,1,641
107,200.9685995155039,189.1508538175332,490,1,1,490
108,35.62368822389421,33.368408555750385,533,1,1,533
109,528.6653270747834,494.17959769460197,561,1,1,561
110,3.188363332193343,2.987572108582787,510,1,1,510
111,886.1533666666668,840.4278238402889,436,1,1,436
112,82.35071574327405,80.27293194343203,210,1,1,210
113,255.1101210100319,248.79732190740944,211,1,1,211
114,345.7457023540812,327.7849247968404,434,1,1,434
115,167.11157385430917,153.89754842448593,696,1,1,696
116,121.591894750342,112.5316509982976,632,1,1,632
117,59.11175215458276,56.84537026477186,321,1,1,321
118,31.439921865025077,30.042117649847988,372,1,1,372
119,361.61170426926583,349.9558325154966,275,1,1,275
120,38.60930603625171,37.595073342258196,244,1,1,244
121,165.25237681828546,155.12876021146994,520,1,1,520
122,166.27504518923848,155.27430362934038,581,1,1,581
123,263.88506616507067,248.70591248368663,482,1,1,482
124,93.68329908230734,90.04592011944631,330,1,1,330
125,20.53844623233014,19.338978788495673,495,1,1,495
126,52.30192554149566,48.53067075330969,624,1,1,624
127,77.96341674076608,74.25950218513599,393,1,1,393
128,62.702838468992255,61.35301976041048,184,1,1,184
129,491.2702740538075,455.55711887195855,619,1,1,619
130,231.20985531235752,220.31624509360063,400,1,1,400
131,51.62377484040128,50.06855281772225,244,1,1,244
132,403.1217998518012,378.69814795124347,514,1,1,514
133,250.5851694653443,244.98995331806262,187,1,1,187
134,27.080959182626543,26.33641666556906,230,1,1,230
135,45.64076044231646,43.39833812966389,415,1,1,415
136,159.66869597013226,152.68843310590412,352,1,1,352
137,54.80995225148199,50.65021335760655,659,1,1,659
138,53.402150256497954,49.30213619604148,653,1,1,653
139,528.5337779411765,504.09289074187785,391,1,1,391
140,70.43631644436844,68.96239384456166,176,1,1,176
141,124.47468666780664,120.191157248864,290,1,1,290
142,37.919750307797536,35.63172968279422,509,1,1,509
143,51.24684803351573,49.967368117426595,210,1,1,210
144,150.83742324441405,145.68125505383253,277,1,1,277
145,47.350963953488375,43.95282468934787,617,1,1,617
146,13.23079188896489,12.518085323611936,461,1,1,461
147,286.84388012425904,279.9914547725368,201,1,1,201
148,17.582039859781123,17.059307012074814,258,1,1,258
149,21.252041717966257,20.195627389024047,417,1,1,417
150,416.1789558424532,400.6278522034973,314,1,1,314
151,6.830358002735979,6.261842632581084,292,1,1,292
152,109.95793881098952,104.21837112489267,442,1,1,442
153,89.8754104138167,83.23040473839065,620,1,1,620
154,38.257601225490184,35.30046370891057,669,1,1,669
155,62.12904809621522,59.41025371487918,348,1,1,348
156,118.7833542122663,114.98278045194407,273,1,1,273
157,82.20058766529868,79.41538798918663,289,1,1,289
158,10.112389420884634,9.419992638911243,581,1,1,581
159,30.425339147286817,29.571662228473528,238,1,1,238
160,121.2852205882353,118.5115736905127,194,1,1,194
161,185.86789614683082,173.41603487678674,561,1,1,561
162,106.78101117191063,102.64018137244133,313,1,1,313
163,57.52416780665755,55.20669584165349,314,1,1,314
164,36.22175273597811,35.21799518576429,241,1,1,241
165,454.55694824441406,425.28125695151897,545,1,1,545
166,64.59372036023711,59.484505955422826,678,1,1,678
167,170.712989626083,162.16212036356035,427,1,1,427
168,2433.0626196990424,2319.443690444129,394,1,1,394
169,15.79860579115367,14.612339690809014,635,1,1,635
170,160.4740218878249,149.12696727242277,587,1,1,587
171,18.961626196990427,18.30226150544651,282,1,1,282
172,99.02228682170542,96.43812670023438,222,1,1,222
173,87.68848495212039,81.19490287672221,637,1,1,637
174,122.59503362973096,119.7788421631595,201,1,1,201
175,27.848710670314638,25.614167719529636,683,1,1,683
176,17.66845588235294,16.913561511419424,352,1,1,352
177,360.65653214774284,340.9725977255891,462,1,1,462
178,216.02829229366165,200.2671926675632,619,1,1,619
179,232.8002034883721,221.75251880435525,405,1,1,405
180,23.429188326493385,22.042063338780558,505,1,1,505
181,270.23243673050615,262.1613890804429,251,1,1,251
182,1.7443268353853167,1.6173043656060255,624,1,1,624
183,91.63070223438213,84.68745142778998,658,1,1,658
184,151.62547537619702,139.543335804421,665,1,1,665
185,7.200705654354765,6.621952030204184,669,1,1,669
186,77.4588366393069,71.68006303240924,624,1,1,624
187,335.23993160054715,319.6447954146592,385,1,1,385
188,59.28177154582764,56.18378651618612,281,1,1,281
189,522.4409746922024,507.6851591236243,238,1,1,238
190,13.29468935248518,12.333188321245833,624,1,1,624
191,375.90882124943,368.05000966804175,177,1,1,177
192,350.61319710442314,337.01228392502287,328,1,1,328
193,19.7524601003192,18.25011325052983,568,1,1,568
194,32.7353459872321,31.31622743932274,358,1,1,358
195,55.93766586867305,54.32589541606117,233,1,1,233
196,73.74815834473324,68.32886895681102,627,1,1,627
197,4.103472412220703,3.940047796793878,311,1,1,311
198,467.70784484724123,434.68111902020746,580,1,1,580
199,22.346980164158687,21.8039097438069,194,1,1,194
200,188.82131611947108,178.28532613076408,467,1,1,467
201,27.688872549019607,26.650130780852557,319,1,1,319
202,107.92044459644322,103.3466512150086,360,1,1,360
203,11.215111719106247,10.689176851382294,397,1,1,397
204,407.5117880756954,388.91423810308373,387,1,1,387
205,120.0498660510716,113.2634310717706,483,1,1,483
206,25.21583390332877,22.911329386894508,332,1,1,332
207,32.15643353853169,30.72199033660449,360,1,1,360
208,132.0309570223438,122.6001014565188,610,1,1,610
209,117.81193057455539,110.340612920071,536,1,1,536
210,150.72164671682626,147.29367542738632,193,1,1,193
211,146.72111149110808,143.52280819027305,179,1,1,179
212,126.5716757865937,119.85143143725585,449,1,1,449
213,47.75395177838577,46.56327483022848,214,1,1,214
214,70.92654810761515,68.34499597917763,302,1,1,302
215,17.650394436844508,16.470351969481392,558,1,1,558
216,57.231939124487,54.77051907068279,356,1,1,356
217,167.9570172138623,157.67313569574685,526,1,1,526
218,660.0354314865482,626.5463431359883,429,1,1,429
219,135.8729645462836,125.05904843284162,677,1,1,677
220,87.30661251709986,82.30583577351344,488,1,1,488
221,28.93890161878705,28.108239027305643,245,1,1,245
222,181.91147457820338,175.27523452015498,302,1,1,302
223,142.6179200866393,133.02060307790504,564,1,1,564
224,41.87777872777018,39.42519391992779,483,1,1,483
225,353.98687471500233,339.94776174708096,345,1,1,345
226,94.08305916552668,87.2230078087547,620,1,1,620
227,147.06123632010943,137.2937610753496,566,1,1,566
228,77.61388052895576,73.0900532984519,496,1,1,496
229,141.85766871865025,138.84116971437854,180,1,1,180
230,74.44978853169174,67.49678719143989,699,1,1,699
231,57.4933641130871,55.68297550760984,262,1,1,262
232,13.039097697218422,12.052497804171601,662,1,1,662
233,930.4268245554036,872.8133903562833,523,1,1,523
234,201.73858698130414,192.42989511232886,389,1,1,389
235,11.869250455996353,11.533492982590758,246,1,1,246
236,22.66293775649795,21.575763036644595,400,1,1,400
237,169.90867818057455,157.43666347583394,630,1,1,630
238,20.870710784313726,19.741179070469656,452,1,1,452
239,410.9693006155951,372.6611494351944,685,1,1,685
240,18.741484838121295,18.14036318701347,268,1,1,268
241,336.6840555175558,324.45476647094216,296,1,1,296
242,296.73653442772456,287.04975677174457,270,1,1,270
243,60.591118901048794,58.64169907252295,258,1,1,258
244,13.057388850889192,12.44989369822109,406,1,1,406
245,195.13470759233928,180.88168623400446,620,1,1,620
246,40.57051128590972,38.70339075827109,389,1,1,389
247,49.49855791153671,46.43673271753679,526,1,1,526
248,98.02976687186502,92.23012117444704,502,1,1,502
249,84.05961069311446,79.62281052274285,452,1,1,452
250,60.70293604651163,57.166962179014796,491,1,1,491
251,969.6290161878705,924.1436531414929,394,1,1,394
252,99.38845987232104,93.46521266392108,498,1,1,498
253,145.88673050615597,130.04802334490017,464,1,1,464
254,184.15841028271774,174.67107637637082,432,1,1,432
255,51.689298335613316,49.83915899989369,295,1,1,295
256,16.733069425444597,15.806108975413101,462,1,1,462
257,9.315695964432285,9.023146416281257,256,1,1,256
258,76.04578602371181,71.40130133564442,510,1,1,510
259,47.59212380300957,45.09534838490708,443,1,1,443
260,176.97070394436844,172.4400954086186,212,1,1,212
261,23.40829685362517,21.85810045791396,550,1,1,550
262,124.37302952576378,118.67401387266672,383,1,1,383
263,271.1175005699954,257.2249636812989,436,1,1,436
264,12.448812129502961,12.087963420581842,238,1,1,238
265,122.00863828089375,118.9099656086079,213,1,1,213
266,37.10853796169631,34.118198403236214,681,1,1,681
267,183.71928579571366,175.3902652370396,382,1,1,382
268,18.22655494756042,17.34396315114536,416,1,1,416
269,81.92108185134518,75.77310364608063,648,1,1,648
270,105.59883549931601,100.41579914099482,405,1,1,405
271,34.62799589603283,32.60794659148523,496,1,1,496
272,61.529844961240315,58.21569929449505,457,1,1,457
273,120.46602257181945,111.93893119905626,592,1,1,592
274,36.84509689922481,34.97650500384345,426,1,1,426
275,207.17130414956682,201.7587467086078,223,1,1,223
276,132.51470588235293,122.29085196376643,662,1,1,662
277,128.89978682170545,124.40405189764526,294,1,1,294
278,11.435155038759689,11.105807769114575,237,1,1,237
279,29.452928066575467,28.525011716522787,268,1,1,268
280,89.56975775193798,83.95832196004376,527,1,1,527
281,72.96332307341542,69.25832934879392,417,1,1,417
282,60.92889249886001,57.13695527884664,536,1,1,536
283,531.7630591655267,493.70781625233934,609,1,1,609
284,107.79409142726858,102.79354817073268,393,1,1,393
285,198.4535761513908,185.85367539954044,539,1,1,539
286,1.7221175330597354,1.6697448880278472,234,1,1,234
287,17.108638280893754,15.970711607730559,579,1,1,579
288,49.01870041039672,47.74857379359088,216,1,1,216
289,92.25589888280895,85.49341734308435,614,1,1,614
290,113.31715059279526,105.3632018432446,594,1,1,594
291,111.79986434108527,107.0261539122397,368,1,1,368
292,192.66094619243046,188.05326793836863,205,1,1,205
293,135.15246124031006,125.55097470142586,612,1,1,612
294,38.12014705882353,35.44907612401102,590,1,1,590
295,48.350927382580934,46.918211679976714,250,1,1,250
296,75.85081338349293,71.1617230749016,538,1,1,538
297,77.32234553123575,75.47668723836551,193,1,1,193
298,33.138895918832645,32.37748569823462,193,1,1,193
299,3.106814865481076,2.993852569528233,310,1,1,310
300,691.7621984724124,648.6928147700618,521,1,1,521
301,403.1635214318285,378.104541760048,529,1,1,529
302,332.55089945280434,312.7951756705516,497,1,1,497
303,20.27124373005016,19.192409486389106,453,1,1,453
304,518.8365811673506,481.34010704877727,620,1,1,620
305,16.991796055631553,16.319240308564996,337,1,1,337
306,104.78073244414044,102.26751586878802,198,1,1,198
307,150.0840150478796,139.3666425194194,599,1,1,599
308,52.56183424532603,51.44487677958022,184,1,1,184
309,49.6878972868217,44.54767640677745,520,1,1,520
310,77.8015190378477,74.25156271844449,383,1,1,383
311,21.628331623347016,19.192791461997597,422,1,1,422
312,28.568818969448245,27.011112483763174,467,1,1,467
313,162.30487118103053,148.31975677071205,699,1,1,699
314,20.946766415868673,20.003775950257378,379,1,1,379
315,82.62907774737802,77.39544441060123,538,1,1,538
316,21.96173050615595,21.351115068949458,238,1,1,238
317,28.03826607387141,27.36920122117528,204,1,1,204
318,67.07715002279981,63.94081165641241,411,1,1,411
319,6.585548335613315,6.136196340079319,548,1,1,548
320,14.761821705426357,13.750479552963355,550,1,1,550
321,20.94812129502964,19.254316362122662,698,1,1,698
322,2128.042108983128,2032.0153656905688,377,1,1,377
323,26.483465572275417,25.124705597929573,439,1,1,439
324,201.07661935704513,186.7490030372049,604,1,1,604
325,85.87572674418605,83.80225685371711,203,1,1,203
326,43.33120611035112,41.11616862560167,429,1,1,429
327,24.922855677154583,23.16538965681932,610,1,1,610
328,31.341348609211128,30.194563894399955,184,1,1,184
329,598.7233059735523,573.1431202585798,359,1,1,359
330,25.827571819425444,24.44563040254169,398,1,1,398
331,436.24746238030093,420.6877370775102,291,1,1,291
332,160.44355392156862,147.4274592126989,693,1,1,693
333,351.80566005471957,324.5730025972332,652,1,1,652
334,5.4696409028727775,5.139620274648314,519,1,1,519
335,2.5651550387596895,2.4794779534487597,272,1,1,272
336,34.92430289557684,33.757658249040766,287,1,1,287
337,6.349791381668947,6.154037776291704,253,1,1,253
338,1149.3344322845417,1089.4244628524057,432,1,1,432
339,29.42635715914273,27.838158999327106,453,1,1,453
340,0.4148404012767898,0.39960330935309224,256,1,1,256
341,47.27171055631555,45.827525186590435,257,1,1,257
342,11.912196192430459,11.027092296167451,640,1,1,640
343,1.7313223894208847,1.6758225419375365,270,1,1,270
344,5.141310989512084,4.729913326045009,681,1,1,681
345,45.74386969904241,36.474452340558976,521,1,1,521
346,666.3625718194255,644.3950573063928,208,1,1,208
347,8.181498518011855,7.016499535377507,538,1,1,538
348,0.8244533743730049,0.7646621349594339,675,1,1,675
349,217.4528505471956,204.83310113955483,493,1,1,493
350,155.65530323757412,149.87292605417062,311,1,1,311
351,32.29021431828546,29.88153701712634,646,1,1,646
352,11.679598153214775,10.79454401974972,653,1,1,653
353,26.373512311901507,25.744849301007296,216,1,1,216
354,20.640737574099404,19.11956354817172,633,1,1,633
355,2.885253647970816,2.8158920709214,205,1,1,205
356,157.07884233926129,146.43384381110158,577,1,1,577
357,154.6384353625171,146.05648175740737,181,1,1,181
358,17.93767156862745,17.498632900422646,208,1,1,208
359,35.95679605563156,33.27424494825057,250,1,1,250
360,106.08557284541723,103.27493532749257,225,1,1,225
361,45.13089660282717,42.934399122526784,405,1,1,405
362,54.50858812129503,52.22717919171121,339,1,1,339
363,54.289336525307796,49.904716082168946,688,1,1,688
364,13.521797765617876,13.06563069395344,286,1,1,286
365,20.552502279981763,19.51676131733707,424,1,1,424
366,53.427314181486544,52.163247240819615,194,1,1,194
367,661.3583093935248,609.5486359325864,679,1,1,679
368,81.10391187870498,75.42836552079343,328,1,1,328
369,53.243553921568626,51.32789998173674,304,1,1,304
370,113.3541375968992,110.67188147758903,198,1,1,198
371,22.484159256725945,21.554345597750235,346,1,1,346
372,17.595203488372093,16.346495994414163,604,1,1,604
373,60.477766757865936,54.82998849794526,292,1,1,292
374,26.106244300045596,24.223723567655107,637,1,1,637
375,37.76531235750114,36.10663158049527,372,1,1,372
376,115.6758042635659,107.05235349216461,637,1,1,637
377,74.20408971728226,71.67030511994939,288,1,1,288
378,52.66104195166439,51.170486352656404,225,1,1,225
379,96.22820508435933,92.23273084140094,350,1,1,350
380,59.103732900136805,55.104044240701725,569,1,1,569
381,37.102793547651615,35.03286054044548,472,1,1,472
382,25.466518467852257,24.534129513104837,304,1,1,304
383,60.21267726858185,56.887551982494806,459,1,1,459
384,53.13106931144551,51.53344781655986,254,1,1,254
385,45.23832250341997,43.29431567718751,362,1,1,362
386,158.02714375285,150.32743881625885,401,1,1,401
387,12.828468992248062,12.487245140304864,237,1,1,237
388,101.74525364797083,93.59729538145062,678,1,1,678
389,23.999846101231192,22.221533799571183,640,1,1,640
390,47.335093479252166,46.291741916427725,192,1,1,192
391,95.42314238486092,81.48725978246854,596,1,1,596
392,79.4143125854993,73.1928966972019,667,1,1,667
393,36.477150022799826,34.36093455788803,496,1,1,496
394,18.483527131782946,17.008794391656043,544,1,1,544
395,34.00357330141359,31.570842239979427,606,1,1,606
396,2.7049589603283173,2.5912683561224283,352,1,1,352
397,1.7030734154126765,1.6406126314593843,321,1,1,321
398,4.843266073871409,3.7155656539211153,165,1,1,165
399,11.512728568171454,10.725551967047007,585,1,1,585
400,97.51363999088008,94.61603197786154,244,1,1,244
401,18.068533971728222,16.725789628038612,638,1,1,638
402,37.58925672594619,35.00052304768195,588,1,1,588
403,51.316843935248514,48.09986342525522,522,1,1,522
404,237.87302952576377,231.863763498545,207,1,1,207
405,26.789428864569082,25.74672340964122,330,1,1,330
406,98.50277929776561,95.79609723225455,235,1,1,235
407,105.62068513451892,96.70582031231355,350,1,1,350
408,104.92246466028271,96.99261705254025,649,1,1,649
409,40.70426755585955,38.131670886468214,533,1,1,533
410,82.55871124031007,79.03909543921792,344,1,1,344
411,4.381504787961696,4.149723431194177,421,1,1,421
412,22.38096044231646,21.055950514519683,493,1,1,493
413,15.780675444596442,15.213214932951491,308,1,1,308
414,81.04566062471501,74.83376258820469,665,1,1,665
415,12.95029924760602,12.49291835822486,296,1,1,296
416,53.451881554947555,49.665846029230984,602,1,1,602
417,17.23177154582763,15.809334433555103,699,1,1,699
418,361.8521135430916,333.85476666915844,659,1,1,659
419,30.535557455540353,29.53256207362782,269,1,1,269
420,84.97398825809393,78.73707203952517,625,1,1,625
421,90.95224920200637,88.46656243850249,227,1,1,227
422,55.39429320565436,51.25732609768452,635,1,1,635
423,0.0,0.0,0,0,0,0
424,48.7739449384405,47.595653827968434,196,1,1,196
425,227.6535043319653,220.53720421629686,259,1,1,259
426,372.902633378933,343.2304245800934,682,1,1,682
427,1.4352382580939351,1.391583846594353,271,1,1,271
428,149.08638166894664,144.07289064488964,286,1,1,286
429,2.8902667578659367,2.800926485790528,244,1,1,244
430,39.62862517099863,36.513145474198524,692,1,1,692
431,102.02844790241679,97.28755818688397,392,1,1,392
432,32.135353967168264,28.865042370809775,214,1,1,214
433,158.62437129502962,148.297645624302,553,1,1,553
434,36.7508413132695,33.45353986540759,237,1,1,237
435,25.257613999088008,24.411635217224404,212,1,1,212
436,23.851357729138165,22.36351171894956,523,1,1,523
437,34.160279867761055,31.93019351896692,539,1,1,539
438,44.33382580939352,42.8179127894253,289,1,1,289
439,136.56202519379843,132.900172358981,233,1,1,233
440,25.104203716370268,24.450415819037453,219,1,1,219
441,139.89223210214317,126.2749903907891,347,1,1,347
442,17.053555061559507,16.663894564662993,205,1,1,205
443,3.0592134062927494,2.9407533541715827,318,1,1,318
444,22.932796397628817,21.24133509768772,636,1,1,636
445,78.54926185590517,70.62615117553166,508,1,1,508
446,13.083853169174647,12.411681975957706,434,1,1,434
447,185.28830255357957,176.2849952301966,404,1,1,404
448,42.32360978112175,39.54454964776045,559,1,1,559
449,77.79803351573189,75.86865373551615,207,1,1,207
450,23.33163987688098,21.68771184521385,506,1,1,506
451,117.18103739170085,110.56236228234,496,1,1,496
452,18.707134062927494,17.505304999610853,542,1,1,542
453,50.93102884176926,47.57031316976403,572,1,1,572
454,937.8281606247149,895.4352417622684,370,1,1,370
455,68.64072218422253,64.08128000427108,540,1,1,540
456,55.052839147286825,52.60188206499043,385,1,1,385
457,30.924325695394437,29.06304381707558,503,1,1,503
458,176.87415469676242,170.21448084505,312,1,1,312
459,27.63649851801186,24.607328789113396,513,1,1,513
460,26.071670656634748,24.666940764795225,406,1,1,406
461,8.175661194710441,5.695977125985975,136,1,1,136
462,28.578625740994074,25.693424552969432,548,1,1,548
463,24.390110579115365,23.820401397156505,200,1,1,200
464,147.11976972184223,140.1352319852781,404,1,1,404
465,28.99318798449612,27.667967284544556,381,1,1,381
466,555.8744955540355,516.8854015271077,612,1,1,612
467,53.571765275877794,51.68901269967287,288,1,1,288
468,150.9323079115367,139.79945705303274,639,1,1,639
469,34.506580597355224,32.634398387933324,468,1,1,468
470,4.328789899680803,4.044408917806932,560,1,1,560
471,28.43982387140903,26.419461497657636,601,1,1,601
472,1450.5070451436388,1348.690862239009,597,1,1,597
473,18.82827576379389,18.088053065826966,328,1,1,328
474,71.34714660282717,68.24399993028094,365,1,1,365
475,6.182244642042863,5.955231504925908,324,1,1,324
476,59.306651276789786,55.5839449846949,531,1,1,531
477,40.73526732786138,38.985183905488235,378,1,1,378
478,25.343825809393525,24.580247092046154,258,1,1,258
479,64.38678123575012,62.50245402081393,246,1,1,246
480,5.174015047879617,5.0355837812270785,232,1,1,232
481,2.481158230734154,2.3362828540197293,472,1,1,472
482,39.40973153214774,37.16716042468559,485,1,1,485
483,61.856790355677155,57.537216041858585,592,1,1,592
484,31.019501823985408,30.106783506603445,244,1,1,244
485,10.244322275421798,9.971812315422966,224,1,1,224
486,93.03929263565892,86.76217230422728,569,1,1,569
487,64.58191518467852,62.5325402651367,275,1,1,275
488,2.442280551755586,2.2783384874333485,567,1,1,567
489,78.16931486548107,72.94787418217187,573,1,1,573
490,324.7545331737346,309.17680835249257,400,1,1,400
491,7.4467048563611495,7.083315947403673,404,1,1,404
492,20.523997948016415,20.043897355757213,198,1,1,198
493,97.95089261285909,93.78349142939925,365,1,1,365
494,86.56918319653442,72.48430028867868,563,1,1,563
495,16.820238258093934,15.786706638255867,518,1,1,518
496,62.11535681714547,59.35481113520103,365,1,1,365
497,74.38899281805747,69.35291255118885,564,1,1,564
498,55.55890902872777,53.20231555776238,360,1,1,360
499,176.61665013679888,162.50452855137073,682,1,1,682
500,139.92714660282718,134.5321743808429,313,1,1,313
501,102.45944881440948,97.76056926160317,385,1,1,385
502,103.6132546739626,97.27159228384251,511,1,1,511
503,232.81489569083448,217.44432207589284,552,1,1,552
504,90.65370383036937,84.83959079885295,549,1,1,549
505,16.496492248062015,15.757052737240395,391,1,1,391
506,66.0485864113087,64.38512187773138,212,1,1,212
507,20.10311445508436,19.226612974429493,361,1,1,361
508,107.43040184678523,101.93421752019847,425,1,1,425
509,93.36226516187871,87.54345589789051,520,1,1,520
510,90.29370326037392,85.55251648019603,432,1,1,432
511,28.832754217966254,26.56365798599107,672,1,1,672
512,8.46858242134063,8.017361011992447,463,1,1,463
513,43.34703317373461,40.238207186554405,613,1,1,613
514,62.11166552667579,60.31048267059429,240,1,1,240
515,72.71306885544917,69.50801890246777,369,1,1,369
516,171.15257808937528,158.95647850411942,620,1,1,620
517,2.125547195622435,1.9347752685529667,241,1,1,241
518,40.29917977656179,35.977994521750404,203,1,1,203
519,36.173740880072955,34.7992176564489,324,1,1,324
520,71.43494585043321,66.03838260748056,645,1,1,645
521,124.80658743730051,119.2042448052048,366,1,1,366
522,1.8693798449612404,1.6946123091833296,495,1,1,495
523,86.03282318741451,83.08566440218456,295,1,1,295
524,2.822594049247606,2.6649363352123503,196,1,1,196
525,17.67529240766074,16.54926486851331,537,1,1,537
526,11.623062015503878,7.032133606580957,309,1,1,309
527,157.57186274509806,153.61843059599332,207,1,1,207
528,65.10123632010944,60.61681716501432,585,1,1,585
529,16.728713520291837,16.26683347006811,229,1,1,229
530,97.24497207022345,92.77830680382894,385,1,1,385
531,48.1594220246238,46.89368083233037,218,1,1,218
532,2.9600028499772,2.6260886426775745,390,1,1,390
533,179.37054035567718,174.87979206829382,207,1,1,207
534,14.82301299589603,13.726245447916648,628,1,1,628
535,39.089110237118106,32.95060068239447,636,1,1,636
536,23.081325239398087,21.342517610080765,627,1,1,627
537,154.9238554491564,142.8598161583688,679,1,1,679
538,16.705079799361606,15.792409348975175,205,1,1,205
539,427.09321192430457,392.21962603902574,686,1,1,686
540,122.68676584587324,113.55655220784665,641,1,1,641
541,3.6295673734610125,3.4778005589286423,356,1,1,356
542,34.61876481988144,33.006051681058,387,1,1,387
543,79.86463805289557,71.12019193054458,440,1,1,440
544,56.47894493844049,53.64437919220251,423,1,1,423
545,53.5300085499316,52.10437675825663,229,1,1,229
546,7.964404924760603,7.3330907907100595,672,1,1,672
547,8.96482102143183,8.701388255155894,244,1,1,244
548,53.845508435932516,50.670347264143565,493,1,1,493
549,12.722216712266302,12.229415854457777,329,1,1,329
550,637.069141016872,603.081762080412,442,1,1,442
551,42.428623461012315,39.76527727147098,521,1,1,521
552,78.07658629730962,75.86182137755927,234,1,1,234
553,90.84838748290014,87.02326042283114,354,1,1,354
554,24.247146602827176,21.83395085065595,597,1,1,597
555,434.3539876880985,404.75490908836184,578,1,1,578
556,77.85714204286366,72.21456716894018,631,1,1,631
557,20.90787106703146,20.22998365324459,275,1,1,275
558,88.0561405608755,82.86901262337035,499,1,1,499
559,166.9267168262654,156.96733263901297,503,1,1,503
560,139.67089489284083,134.61342429289482,304,1,1,304
561,49.637608299133596,47.8984583073052,318,1,1,318
562,895.0527718878249,848.9148471084758,430,1,1,430
563,12.147778157774738,11.86068907175119,195,1,1,195
564,100.57460043319654,96.91489097845452,306,1,1,306
565,168.45404183766533,157.551202799292,542,1,1,542
566,24.045266757865935,22.151699538579877,684,1,1,684
567,87.69315378476972,84.55200911455225,302,1,1,302
568,37.45032204742362,36.16384007016176,293,1,1,293
569,4.8835932512539895,4.642668685850652,414,1,1,414
570,9.628368103055175,9.225699679444693,346,1,1,346
571,82.64819140446878,77.0059191960036,566,1,1,566
572,65.11714090287278,61.881469995765514,415,1,1,415
573,11.337319311445508,10.80153974159359,399,1,1,399
574,97.14028157774737,89.6479547575395,456,1,1,456
575,30.470098609211128,29.127755075606338,373,1,1,373
576,94.31182626538988,89.9012210382291,395,1,1,395
577,108.34173164614684,101.05656403872189,565,1,1,565
578,51.29905836753306,49.432489784683504,240,1,1,240
579,1131.3382626538987,1084.579872163223,347,1,1,347
580,28.276324669402644,24.87122062316146,197,1,1,197
581,4.79452405380757,4.189337875592601,611,1,1,611
582,54.39959872321021,50.99222615998513,522,1,1,522
583,13.366487118103054,12.423083122593228,641,1,1,641
584,123.45673449612404,120.05227687692464,236,1,1,236
585,194.44038531691746,181.8062390214917,553,1,1,553
586,16.310794573643417,15.836245531504485,236,1,1,236
587,29.307046283629727,27.512640053095996,271,1,1,271
588,32.42600376196991,31.13158676073985,339,1,1,339
589,939.1281532147743,864.719107371572,591,1,1,591
590,16.500400136798902,15.177381840473574,691,1,1,691
591,12.923006155950752,12.405123781947987,341,1,1,341
592,60.2130808253534,57.89947458756118,320,1,1,320
593,162.68667920656634,154.00229503076537,444,1,1,444
594,55.276708846329235,53.0058899961674,342,1,1,342
595,307.61941119471044,283.7762493785566,668,1,1,668
596,11.225535795713634,10.972203973850858,187,1,1,187
597,4.847790127678979,2.8508452460021307,307,1,1,307
598,61.99734553123576,59.59662150942747,321,1,1,321
599,37.25334433424533,34.250281391572194,691,1,1,691
600,12.75891301869585,12.195874681915976,356,1,1,356
601,102.29901388508891,96.44107601165275,440,1,1,440
602,23.441423803009574,22.824736060723406,221,1,1,221
603,103.22926577177383,99.03942694803548,338,1,1,338
604,39.27850198928409,36.45177119373103,607,1,1,607
605,230.66069248176015,218.05563876606854,457,1,1,457
606,48.418370497036015,44.602435872468526,670,1,1,670
607,498.0265460727315,473.6979948553598,402,1,1,402
608,1330.1525159826722,1246.3078983483595,524,1,1,524
609,174.97321646716827,169.21969520326388,272,1,1,272
610,45.502711901504796,42.673277893233994,527,1,1,527
611,779.2839988999089,736.9418716788174,463,1,1,463
612,12.900762317601458,11.830159807554642,696,1,1,696
613,3.3923168433652533,3.312589063111123,194,1,1,194
614,114.93415701664387,107.03670050010732,570,1,1,570
615,330.0919728340173,308.39380600692664,558,1,1,558
616,68.61155441746465,65.87059591594905,326,1,1,326
617,0.5259815948472412,0.5089536621152809,267,1,1,267
618,21.334594174646607,19.973553197056912,534,1,1,534
619,6.619251858185134,6.360916514266232,327,1,1,327
620,11.1320367248062,10.31783180770114,414,1,1,414
621,1.2368393239854083,1.2077866361234255,204,1,1,204
622,89.90902260031919,85.1144362892384,451,1,1,451
623,149.4103625113999,139.70270694719662,559,1,1,559
624,8.51397961126311,8.068836505525391,398,1,1,398
625,41.842860795713634,39.08504617012351,555,1,1,555
626,8.394692236662106,7.7446116679343655,639,1,1,639
627,399.66919349065205,376.6678102825192,482,1,1,482
628,17.86159162106703,16.620880830052542,486,1,1,486
629,11.67698023255814,10.922060587269039,536,1,1,536
630,256.5692532147743,245.3633719120824,363,1,1,363
631,41.953591159370724,38.605870327654465,679,1,1,679
632,8.625454628362974,8.109766045877043,513,1,1,513
633,102.96369768011856,98.74824408798051,335,1,1,335
634,114.09449498404013,110.94925395367174,212,1,1,212
635,630.8800194596445,616.5356450446933,191,1,1,191
636,111.60005498176014,105.8060548026738,303,1,1,303
637,214.46296383948928,200.72892077809968,538,1,1,538
638,972.9544040355677,946.0375877298305,230,1,1,230
639,145.275385750114,141.57385708760492,219,1,1,219
640,128.55469518353854,121.32230186533998,473,1,1,473
641,112.17933701550388,108.09850890074176,302,1,1,302
642,17.93404873461012,16.588337485108543,625,1,1,625
643,1564.3929993160054,1447.5718759077874,638,1,1,638
644,421.0028473381213,397.6899668149049,454,1,1,454
645,998.3069257067942,966.7502704775534,261,1,1,261
646,258.60376740766077,246.98602894373468,382,1,1,382
647,183.62194578203372,178.73390189916782,224,1,1,224
648,3.0377131611947106,2.8393187985255177,378,1,1,378
649,172.3655616735066,167.78473177279406,226,1,1,226
650,36.1193093251254,33.6972948783133,571,1,1,571
651,48.64277217282261,46.460726694217506,372,1,1,372
652,69.1746781007752,67.28712732058266,233,1,1,233
653,127.35586283059737,121.41493387903006,338,1,1,338
654,87.80542380870952,81.35229452587781,621,1,1,621
655,100.39582594619243,95.63757824339864,400,1,1,400
656,56.60428233584132,52.82524424504725,562,1,1,562
657,150.13184347925218,141.25667398581197,505,1,1,505
658,11.529656019151847,10.945905622519778,281,1,1,281
659,0.2840221158230734,0.26688299392667275,506,1,1,506
660,0.7722062129502965,0.7302998888295248,260,1,1,260
661,124.36548140674874,119.8926864157736,297,1,1,297
662,50.78919612973097,48.01988629934975,461,1,1,461
663,118.79899280665755,111.03325540322987,548,1,1,548
664,374.2741460898313,352.6452888171899,487,1,1,487
665,205.3913975376197,191.43189968876962,580,1,1,580
666,23.77435686844505,22.636787580554543,392,1,1,392
667,0.6381827576379389,0.5948928331432386,311,1,1,311
668,21.069696511627907,20.16755030245257,355,1,1,355
669,0.18539280095759234,0.18048537758278924,206,1,1,206
670,50.31076403328773,46.69826918481307,605,1,1,605
671,162.50424599863197,153.04037549997113,483,1,1,483
672,15.482938303693572,14.772602438429558,373,1,1,373
673,418.0354139876881,407.45220202892745,214,1,1,214
674,52.03619931600547,50.30136250472655,279,1,1,279
675,27.691336890104882,26.80049822547382,273,1,1,273
676,194.39783788759692,184.87788439849172,417,1,1,417
677,509.49878980848155,487.61918697154863,350,1,1,350
678,42.86655181258549,41.82613928068117,205,1,1,205
679,406.73426137710896,377.497511963905,499,1,1,499
680,3.333689534883721,3.0719063783685816,669,1,1,669
681,0.7462076892384861,0.6901657625484005,566,1,1,566
682,88.63722457250341,84.82883456998293,353,1,1,353
683,54.085375188098496,52.76254491022459,203,1,1,203
684,368.3276602827177,339.17726207817833,668,1,1,668
685,434.1701909541723,423.7708179321925,190,1,1,190
686,20.32866498518012,18.6746985731601,483,1,1,483
687,0.18057522229822162,0.16787963505979306,598,1,1,598
688,10.952126145690835,10.460029418872839,374,1,1,374
689,73.73186901504789,71.82961044238343,209,1,1,209
690,111.25448090515276,102.99797186453365,619,1,1,619
691,7.799233464432285,7.610906358032051,198,1,1,198
692,7.065137403100775,6.551379821918796,634,1,1,634
693,55.99964676812586,53.82278848991699,336,1,1,336
694,8.322786878704973,7.8069994658763955,464,1,1,464
695,2.6436199555403554,2.535678275212929,273,1,1,273
696,76.56372918946647,74.11265833534972,262,1,1,262
697,5.9043450011399905,5.610353400213309,396,1,1,396
698,1.4755971101231193,1.4120425192284878,284,1,1,284
699,2.26619638622891,2.0865886887236793,621,1,1,621
700,16.415813360693114,15.268694933307366,608,1,1,608
701,22.190058852029185,19.97990886753127,499,1,1,499
702,24.744957763337894,22.91584156409772,642,1,1,642
703,1.437591187870497,1.384986200976334,244,1,1,244
704,1.8165522457820336,1.7044124725793028,513,1,1,513
705,4.108078984268126,3.836062241321111,548,1,1,548
706,1.820907432740538,1.2968531554942035,330,1,1,330
707,17.967752120383036,17.26269276041484,260,1,1,260
708,1.1305262767897855,1.0816005871939678,349,1,1,349
709,41.61217253191975,39.686030541690634,407,1,1,407
710,6.947299367305062,6.547796377863186,469,1,1,469
711,0.806616102371181,0.7083652943051899,677,1,1,677
712,27.255118479252168,25.34575726628811,581,1,1,581
713,2.976178533971728,2.8958877827992873,230,1,1,230
714,22.401068462152303,21.05562631115972,496,1,1,496
715,34.4374226744186,32.78458579404656,426,1,1,426
716,2.217165190378477,2.100481737439148,408,1,1,408
717,39.19718734610124,36.73673947443192,538,1,1,538
718,11.933182968536249,11.048528786630703,638,1,1,638
719,9.273509080027361,8.570162988603597,639,1,1,639
720,7.268246494528044,6.996950796469433,294,1,1,294
721,8.99542295371637,8.506617945225134,459,1,1,459
722,8.153059906520747,7.795764941164804,343,1,1,343
723,1.430357016643867,1.3620317572164804,306,1,1,306
724,1.235362112403101,1.1571061431132672,342,1,1,342
725,1.8481619528043776,1.8007885935110954,178,1,1,178
726,7.5794511285909705,6.9940673948596075,644,1,1,644
727,38.21301903214774,35.84492943654186,532,1,1,532
728,5.758918929548564,5.325886180013728,613,1,1,613
729,10.823480107159144,10.418042603752902,296,1,1,296
730,38.44104240766074,37.30956933971076,252,1,1,252
731,31.378362990196084,30.652017870901087,195,1,1,195
732,1.4758550615595076,1.3745093781232136,480,1,1,480
733,4.069988337893297,3.826296209982702,445,1,1,445
734,28.105288833789327,26.348791951550115,519,1,1,519
735,3.0733659883720934,2.810383066763577,683,1,1,683
736,5.469851248290014,5.264568872564703,317,1,1,317
737,22.20477773027816,20.614778518385556,602,1,1,602
738,3.2337314865481077,3.0319595044457492,516,1,1,516
739,0.32137087323301416,0.31312432833143367,183,1,1,183
740,4.716537055403556,4.55016793830766,267,1,1,267
741,3.2663483926128594,2.8218490300707852,671,1,1,671
742,2.6878344106247156,2.4499037412387636,700,1,1,700
743,38.24449247036024,35.642648338432714,583,1,1,583
744,2.4736196990424077,2.296674254609793,602,1,1,602
745,7.189788406292749,6.8957408859331535,337,1,1,337
746,2.150249943000456,2.053153934419802,338,1,1,338
747,7.8888286650706805,7.416904291623201,456,1,1,456
748,2.984439010487916,2.8408292194752502,380,1,1,380
749,37.90210323187414,35.06928420515663,677,1,1,677
750,0.019731988144094846,0.01971850661492651,285,1,1,285
751,10.036509940720475,9.54611059585101,347,1,1,347
752,10.482237477200183,9.964649427631072,398,1,1,398
753,1.2333532090743275,1.1842890446036802,336,1,1,336
754,4.552690315777474,4.2265635273519555,632,1,1,632
755,17.40664156976744,16.971105504710245,228,1,1,228
756,19.707732455540356,19.16652256271531,210,1,1,210
757,1.7708466313269493,1.6790457182316063,420,1,1,420
758,51.80464081737347,48.345862639714824,554,1,1,554
759,5.742108150934793,5.2890256187199896,694,1,1,694
760,19.2783978625171,16.382623805842567,693,1,1,693
761,0.19327975376196993,0.16689143805658668,604,1,1,604
762,12.75867229252166,12.16140927711268,348,1,1,348
763,127.83204757181943,118.24463140709618,654,1,1,654
764,38.857260049019615,37.89628705513372,206,1,1,206
765,9.249631965344278,8.691693034237252,482,1,1,482
766,9.153193228454171,8.720288319509393,360,1,1,360
767,49.2724273369813,45.706415317655235,536,1,1,536
768,6.3894433652530775,6.1166507364845035,292,1,1,292
769,7.562102827177381,6.995053708083316,623,1,1,623
770,1.5993828773369811,1.4952334492507031,551,1,1,551
771,1.9841411935704514,1.909274354312475,240,1,1,240
772,26.34652503989968,25.469383804954415,265,1,1,265
773,0.2758679434564523,0.250635033723926,559,1,1,559
774,5.428846414728682,5.144239454993627,443,1,1,443
775,10.162324954400367,9.6502986821419,435,1,1,435
776,6.593170223438213,6.102928335380132,662,1,1,662
777,5.367392726858186,5.056700860340842,432,1,1,432
778,8.738204827861377,8.553758278461572,175,1,1,175
779,55.084921882124945,51.939628590781936,490,1,1,490
780,3.4825244357045144,3.335776280432777,322,1,1,322
781,8.817588856589147,8.47032247923626,315,1,1,315
782,7.096110231418148,6.620412717511705,532,1,1,532
783,4.041467607159142,3.706579571822646,656,1,1,656
784,8.7160413873689,8.096497722488136,606,1,1,606
785,6.05246520747834,5.770375596169492,385,1,1,385
786,0.19570792863657088,0.10533782147076408,595,1,1,595
787,5.464386667806658,5.333959628877821,203,1,1,203
788,4.391304149566803,4.06011246958342,632,1,1,632
789,3.116010214318286,2.877559436482672,609,1,1,609
790,73.78419734382125,69.7631542184473,463,1,1,463
791,4.307332729138167,3.9734378806220416,633,1,1,633
792,51.45902160282717,48.26823025770854,534,1,1,534
793,44.27718711810305,42.16488726618435,429,1,1,429
794,5.234996272229822,4.998244450522825,322,1,1,322
795,40.68228753419972,38.37160419985033,483,1,1,483
796,3.850162574099407,3.6130922596140604,505,1,1,505
797,4.189051533287734,4.015379958910723,211,1,1,211
798,8.600276841085272,7.787903264525279,642,1,1,642
799,4.553440059279525,4.282405933180276,458,1,1,458
800,12.606664375284998,12.010126322991173,242,1,1,242
801,1.3571306771545832,1.2336708658408988,661,1,1,661
802,6.564726367989056,6.320814348584055,269,1,1,269
803,4.528953545371637,4.300179802882897,387,1,1,387
804,11.316052376880984,10.909269327278498,261,1,1,261
805,6.967976276789786,6.436951511132076,396,1,1,396
806,7.10229062357501,6.624811379848484,551,1,1,551
807,6.360123842909257,6.096190224329824,341,1,1,341
808,302.7125969961241,289.70043958150853,363,1,1,363
809,31.27599811331509,29.598480554454785,474,1,1,474
810,0.3002946420428637,0.2824371119580838,341,1,1,341
811,6.438101157090744,6.018316154720051,590,1,1,590
812,3.3760022457820336,3.221701672849817,380,1,1,380
813,6.456806760145919,5.97772266550989,607,1,1,607
814,3.576896739626083,3.3601538451201036,485,1,1,485
815,6.3232816803465575,6.0410674609210755,352,1,1,352
816,2.0512742875057,1.9679760028117634,336,1,1,336
817,8.256775695394438,7.940555303212856,275,1,1,275
818,6.491851271089831,6.074519440988729,512,1,1,512
819,83.14584063497492,78.62147963732806,463,1,1,463
820,4.59651924874601,4.460743420434325,219,1,1,219
821,6.851851499088006,6.594618166175707,277,1,1,277
822,2.771485037619699,2.65187953195382,378,1,1,378
823,3.194794425444597,2.9994526126488767,420,1,1,420
824,2.6983297081623348,2.6312864198596673,202,1,1,202
825,5.882186804605563,5.3897416499278545,695,1,1,695
826,3.332677929776562,3.1236862250950583,468,1,1,468
827,3.322612841997264,3.0691620574195504,633,1,1,633
828,9.118424601003191,8.705881735395963,386,1,1,386
829,4.828301253989968,4.708936887063097,176,1,1,176
830,38.82560646944825,36.84923553011108,445,1,1,445
831,8.382285852713178,8.00498403898659,330,1,1,330
832,15.861689734382123,14.886527210836284,506,1,1,506
833,3.6771846728226176,3.411864145379907,623,1,1,623
834,110.97477220132241,106.79400155907229,304,1,1,304
835,7.226447680118559,6.9168043144522935,375,1,1,375
836,91.11329020177838,86.96619666852311,385,1,1,385
837,158.1104592624259,150.29839262316062,418,1,1,418
838,58.49004886570907,50.24076110214746,522,1,1,522
839,96.15885112859095,92.57152498566043,318,1,1,318
840,284.47018045485635,240.0581316483687,595,1,1,595
841,73.55744769721844,64.44438900059981,463,1,1,463
842,32.007497993616056,30.25499598710302,473,1,1,473
843,471.2826619186047,454.79855997637543,296,1,1,296
844,117.75994257865938,114.16393934507956,262,1,1,262
845,27.274553220474235,26.623900424587937,194,1,1,194
846,201.35825438326495,190.79446808259786,431,1,1,431
847,34.3601851744186,31.166024292746588,341,1,1,341
848,60.11039289215686,57.59910519246088,348,1,1,348
849,667.9652273312813,643.9951029091038,294,1,1,294
850,162.2042005357957,150.7233442056976,605,1,1,605
851,24.744450986092108,23.14962676591114,540,1,1,540
852,11.546250940492476,10.872441371449254,494,1,1,494
853,36.355859764021886,35.20840382505314,260,1,1,260
854,55.19574827861378,47.51150643527722,381,1,1,381
855,18.986049526903784,17.732371534448806,570,1,1,570
856,43.90587004103968,41.49990989069017,459,1,1,459
857,40.12987259461924,37.02172757378226,664,1,1,664
858,185.7633646659827,174.21926915993856,527,1,1,527
859,462.30547243502053,444.603875637475,324,1,1,324
860,54.49012549019608,53.18258149969276,205,1,1,205
861,22.012025889192884,21.040441574154723,373,1,1,373
862,4.8655617932056545,3.0927346403234504,541,1,1,541
863,45.93229748062015,43.60314680537038,433,1,1,433
864,239.3904983014136,222.2953829769599,602,1,1,602
865,88.32548470702233,83.49699134584884,461,1,1,461
866,1026.8287039899678,978.8341865538822,392,1,1,392
867,14.892298569311444,12.708656267895137,531,1,1,531
868,112.39318565321477,103.72513962099822,657,1,1,657
869,38.59535096899224,37.4917283203377,242,1,1,242
870,28.323970992932058,25.121979811395065,401,1,1,401
871,216.04379345645236,209.97937154682756,243,1,1,243
872,284.4243815207479,275.6058891976118,258,1,1,258
873,698.981610869813,663.7717040221906,421,1,1,421
874,87.60801330939353,82.36789096369718,497,1,1,497
875,76.54594735522116,70.51234283212848,669,1,1,669
876,59.54710298107615,56.04418784943292,500,1,1,500
877,138.36920600775196,135.43669458110446,178,1,1,178
878,37.49365539785682,36.700986162419156,178,1,1,178
879,368.1585408914728,331.94877448848416,352,1,1,352
880,60.00283545941633,57.685460811128486,328,1,1,328
881,161.70890631554948,157.99134910317704,194,1,1,194
882,753.6297288759691,702.6992507141092,572,1,1,572
883,218.93904468194253,197.2797650206066,560,1,1,560
884,184.66314134746924,179.40170189775216,237,1,1,237
885,833.647783880529,797.7369660040196,204,1,1,204
886,40.37573413132696,37.2376952676956,666,1,1,666
887,481.15409497264017,447.55045912626866,588,1,1,588
888,199.50988849179205,193.1501970746778,270,1,1,270
889,982.7481110123119,913.058478083972,452,1,1,452
890,843.6791511627907,811.1649219571498,321,1,1,321
891,1246.5418735465116,1151.0817341145173,655,1,1,655
892,1112.5063295428638,1066.3599416465272,343,1,1,343
893,1.2172913588691292,1.0899535258854458,439,1,1,439
894,308.89116764705886,293.3275902409996,428,1,1,428
895,14.586412129502962,13.805598807550327,426,1,1,426
896,1.434905021659827,1.39670650114641,218,1,1,218
897,90.12380278727771,83.26694361540385,628,1,1,628
898,0.5755821363429092,0.5062313952260239,488,1,1,488
899,25.381330494756043,23.67308677646417,546,1,1,546
900,11.093764095987233,10.770807693315797,227,1,1,227
901,13.603510772913816,13.084491832212086,304,1,1,304
902,93.6040805631555,86.98917444865782,545,1,1,545
903,11.551481401048793,10.3957592134411,475,1,1,475
904,47.385318547651615,43.6817700959993,658,1,1,658
905,86.72185233128135,80.61775145815763,574,1,1,574
906,50.14933780779754,48.81465898717982,203,1,1,203
907,20.171227325581395,19.53132710703344,255,1,1,255
908,706.6349177154583,661.2257252444817,522,1,1,522
909,681.8592674304606,647.697836554829,304,1,1,304
910,11.663819499544005,11.3038452644139,237,1,1,237
911,17.715458578431374,17.004391868502204,313,1,1,313
912,22.86271883264934,21.602793987126475,436,1,1,436
913,5.955767618559052,5.452522040322496,672,1,1,672
914,0.2102908344733242,0.19527888022637052,473,1,1,473
915,5.277016529867761,5.101910256204962,258,1,1,258
916,3.9389504901960786,3.762122708946085,359,1,1,359
917,16.786137807797537,15.80605055549987,476,1,1,476
918,96.00866549247606,93.6187700614614,192,1,1,192
919,2.7009247606019153,2.6142240828104493,256,1,1,256
920,7.249315691974464,6.698115239813716,610,1,1,610
921,0.3755110009119927,0.3516569696887793,510,1,1,510
922,19.512537830597356,18.1322962002763,562,1,1,562
923,93.06343858869128,85.89806116469582,631,1,1,631
924,50.81281299589603,47.580021771232566,479,1,1,479
925,0.2646542920656635,0.23889461418795574,402,1,1,402
926,2.6166209302325583,2.5554227598887587,180,1,1,180
927,5.956337009803921,5.74117084523819,291,1,1,291
928,0.00045595075239398083,0.00033876681312884627,5,1,1,5
929,2.3613797537619696,2.030087554765123,369,1,1,369
930,52.52131663246694,49.13778124323605,512,1,1,512
931,20.328031857045143,19.516495559745035,319,1,1,319
932,5.06543569881441,4.834237977390477,335,1,1,335
933,47.7955412619699,45.77457033918024,335,1,1,335
934,116.57603683880528,111.31212880358594,342,1,1,342
935,2.399052507979936,2.2572560329197264,460,1,1,460
936,3.279070172138623,3.178322500638563,245,1,1,245
937,173.1452364854081,162.6277492567368,484,1,1,484
938,1.1084701664386685,1.0425074548724473,432,1,1,432
939,28.454514301185586,26.21660144123931,618,1,1,618
940,35.46832131782946,34.220281649324875,263,1,1,263
941,1393.1454636741903,1282.9189057310514,652,1,1,652
942,13.425445992932058,12.511844917452084,549,1,1,549
943,22.582651236890104,21.435355824442475,392,1,1,392
944,16.77696271089831,15.422174006038112,640,1,1,640
945,16.716598614911085,15.631631853956518,523,1,1,523
946,9.216248426812584,8.639203276524626,459,1,1,459
947,7.4142736491108066,6.75724182710764,700,1,1,700
948,58.549874002507984,54.30669043689795,589,1,1,589
949,3.7588160111719113,3.4443359543625975,378,1,1,378
950,1.3628583789329685,1.2864670224002581,426,1,1,426
951,0.5878898027815777,0.5564926320429493,352,1,1,352
952,6.595538269493844,6.36059327945237,266,1,1,266
953,7.593880922252621,7.171549596312795,454,1,1,454
954,0.8867412676698586,0.8250864131352454,542,1,1,542
955,196.32888724350207,191.31080192981216,199,1,1,199
956,0.2383115424076607,0.22146618246778935,417,1,1,417
957,0.9737670827633377,0.6664962718731187,522,1,1,522
958,3.3581872777017785,2.85869426617992,694,1,1,694
959,2.244812876196991,2.1655303360810025,280,1,1,280
960,7.556771882124942,7.367056974869732,193,1,1,193
961,13.69060509005928,12.565429856404794,663,1,1,663
962,15.662333270633834,14.35893089255877,670,1,1,670
963,2.4141572389420887,2.2912582237672785,401,1,1,401
964,38.985976647286826,36.931536083209004,394,1,1,394
965,87.10396745326037,83.4234623037442,332,1,1,332
966,18.16575465686275,16.802208082944436,582,1,1,582
967,0.2478907546739626,0.2375198214033464,331,1,1,331
968,20.71990619015048,19.142451391375843,583,1,1,583
969,20.345702234382124,19.3487979835002,405,1,1,405
970,70.39962380300958,66.46879760585807,466,1,1,466
971,62.281435248518015,60.75348662722383,197,1,1,197
972,47.30503305973552,46.27104307013034,179,1,1,179
973,54.53619471044232,51.28393421136373,495,1,1,495
974,173.6796625626995,159.77045211251684,672,1,1,672
975,21.480363657090745,20.216039458193162,443,1,1,443
976,294.7389990880073,282.3021804591471,348,1,1,348
977,247.35678864569084,241.83909781110808,184,1,1,184
978,586.6366564067488,555.3947443210213,301,1,1,301
979,34.815862973096216,32.480578461582304,569,1,1,569
980,214.75219448244414,205.42847818041713,361,1,1,361
981,71.86482558139535,66.7552913644181,610,1,1,610
982,10.441128585271318,10.12781176821935,248,1,1,248
983,326.62756497948016,305.48026975451194,524,1,1,524
984,139.6189010487916,128.40395426834127,685,1,1,685
985,400.4205711354309,372.6950550092404,583,1,1,583
986,31.111833105335158,28.620481170216273,673,1,1,673
987,554.2443000455996,511.3714500252249,661,1,1,661
988,398.5333732330141,372.0450581073078,557,1,1,557
989,10.504103967168263,10.15803067372168,274,1,1,274
990,229.17219562243503,220.8243570564698,299,1,1,299
991,118.07938440492475,115.50698060260196,179,1,1,179
992,459.07432740538076,431.7474048771188,500,1,1,500
993,30.495326037391703,29.133894087315937,370,1,1,370
994,3.5073529411764706,3.350512910105515,351,1,1,351
995,123.84299475604195,113.87965815153909,682,1,1,682
996,185.9967225262198,174.59427790916715,506,1,1,506
997,9.204309159826721,8.760487737750912,403,1,1,403
998,50.451521887824896,46.346668988418195,684,1,1,684
999,33.76014591883265,32.83716190774424,234,1,1,234
1000,823.3105050159598,785.3366906420915,382,1,1,382
1001,25.922224122207023,24.613282633272956,379,1,1,379
1002,37.92895006839945,36.093844138572855,400,1,1,400
1003,978.7747948016416,900.9917646689728,674,1,1,674
1004,33.71842225262198,30.96903652170481,691,1,1,691
1005,40.41045371637027,37.57086223723639,597,1,1,597
1006,31.875227998176015,29.337780484648043,685,1,1,685
1007,78.68539101687186,75.31018256444507,356,1,1,356
1008,220.19257295941634,215.4112077061446,179,1,1,179
1009,122.71189580483356,116.95402764985015,385,1,1,385
1010,185.99401504787963,178.36337199200875,338,1,1,338
1011,100.29246466028272,93.20458167915275,582,1,1,582
1012,101.95722184222527,95.36707997008703,546,1,1,546
1013,437.7066803465572,417.63101392346664,381,1,1,381
1014,75.67293661650707,70.55146201199666,574,1,1,574
1015,321.7110408116735,301.07526395719094,535,1,1,535
1016,191.58091085271317,177.3036827225159,619,1,1,619
1017,19.19941290469676,17.94176790567197,541,1,1,541
1018,46.60100319197446,45.25286777460625,247,1,1,247
1019,164.0250227998176,155.8788289106655,411,1,1,411
1020,245.3341028271774,229.72086357017434,525,1,1,525
1021,54.1765275877793,52.56374731681703,244,1,1,244
1022,11.804021317829458,11.26797068669933,381,1,1,381
1023,573.7392270861833,539.6309601184662,502,1,1,502
1024,9.179165526675787,8.939707206751274,213,1,1,213
1025,29.889135886912904,28.20577421980147,468,1,1,468
1026,57.30355107159143,52.86862068691838,651,1,1,651
1027,281.8619186046512,271.8222999608686,295,1,1,295
1028,147.23663360693115,138.35821146535727,503,1,1,503
1029,17.995839033287734,16.985086141376925,468,1,1,468
1030,24.943997948016417,24.229774895907575,241,1,1,241
1031,13.081238600091199,12.564134394220776,331,1,1,331
1032,3.2039158686730507,2.7803375514954807,613,1,1,613
1033,32.80509005927953,32.0058980542082,201,1,1,201
1034,43.952604879160965,40.58273572631814,644,1,1,644
1035,353.15187528499774,325.3296526427108,670,1,1,670
1036,269.4558538531692,253.43299822911433,494,1,1,494
1037,103.15495326037392,97.237845419351,477,1,1,477
1038,514.7673563611492,471.97373905916004,670,1,1,670
1039,112.33339033287734,104.49298260959037,585,1,1,585
1040,521.9284085727314,495.09032384548703,425,1,1,425
1041,166.406577747378,161.00032644687474,268,1,1,268
1042,515.8060590515275,474.20918516167393,698,1,1,698
1043,37.56708846329229,35.101500956076094,553,1,1,553
1044,174.94106247150023,169.78079952156344,251,1,1,251
1045,38.8312243502052,37.55995597559123,209,1,1,209
1046,119.01835385316917,115.36953195063896,246,1,1,246
1047,472.5480221158231,449.13268966064066,411,1,1,411
1048,28.951008891928865,27.69083399956218,357,1,1,357
1049,142.5359952120383,134.02102041894244,493,1,1,493
1050,37.4889990880073,35.89160859075947,352,1,1,352
1051,368.4882295941633,341.49147216399314,614,1,1,614
1052,182.781349749202,175.79814635238534,318,1,1,318
1053,37.76487688098495,35.68849864421087,454,1,1,454
1054,66.19547993616051,63.05103858829318,390,1,1,390
1055,89.07538189694482,82.8283431671032,561,1,1,561
1056,87.10638964888281,83.46200172391582,332,1,1,332
1057,58.05680004559964,55.76855992102187,317,1,1,317
1058,618.0105449156407,588.4657170154875,395,1,1,395
1059,196.34270975832194,189.2502521867328,300,1,1,300
1060,58.0577405380757,53.49574533521152,663,1,1,663
1061,443.7831452348381,413.9866306478969,554,1,1,554
1062,107.9703887368901,97.76099049759846,612,1,1,612
1063,134.0549760601915,130.14950516610344,243,1,1,243
1064,123.69043547651619,114.47753921816242,631,1,1,631
1065,210.10207934336523,193.99266692074113,643,1,1,643
1066,23.78422822617419,21.76136444061688,680,1,1,680
1067,52.03873119015048,47.927353487561696,674,1,1,674
1068,925.1027701778386,875.7679199957742,438,1,1,438
1069,6.321805175558596,6.016062066754513,402,1,1,402
1070,33.129417464660285,31.475574334227716,422,1,1,422
1071,65.61075011399909,60.30525057858275,678,1,1,678
1072,183.39717282261742,172.74107525692193,481,1,1,481
1073,35.02961126310989,32.75261055899091,546,1,1,546
1074,132.99772001823985,126.39968236033681,417,1,1,417
1075,117.69927040583676,111.52973899704891,441,1,1,441
1076,1328.2404240766075,1294.2066957403488,214,1,1,214
1077,245.9406064751482,232.37770728467316,463,1,1,463
1078,36.10599065207478,34.65393415854644,322,1,1,322
1079,71.52482330141359,69.12876114284443,274,1,1,274
1080,23.27108983128135,22.605958016748616,235,1,1,235
1081,459.00672594619243,442.54350649476027,291,1,1,291
1082,19.81908344733242,18.17257806835009,700,1,1,700
1083,70.98976858185135,66.72309577877641,509,1,1,509
1084,162.51037391700865,154.30926777877596,416,1,1,416
1085,27.364540583675332,26.71626779239019,192,1,1,192
1086,144.1897082763338,132.38706813509967,689,1,1,689
1087,6.365538075695395,6.0768628050364875,367,1,1,367
1088,297.96716142270867,286.6993839193445,306,1,1,306
1089,291.5510430916553,272.6313016563235,508,1,1,508
1090,253.24478454172367,234.86970636287126,615,1,1,615
1091,50.135829913360695,45.985382190723854,663,1,1,663
1092,36.07083996808026,35.24527615260493,175,1,1,175
1093,24.009296010031917,22.247622545666815,551,1,1,551
1094,44.314452530779754,40.14650893410339,664,1,1,664
1095,39.822343103055175,36.077847453739906,634,1,1,634
1096,17.16365021089831,16.402570614636804,323,1,1,323
1097,44.49034159256726,42.64233870938578,333,1,1,333
1098,14.952148871409028,6.7558965982829795,194,1,1,194
1099,129.61114636342913,124.03134965109632,315,1,1,315
1100,40.055134336525306,37.49877573469277,509,1,1,509
1101,145.55649482444142,141.62779382767263,202,1,1,202
1102,112.15339634062927,106.22358498031032,411,1,1,411
1103,116.91544471044233,110.82897124756916,384,1,1,384
1104,123.20645861833104,114.29434706871187,582,1,1,582
1105,52.70407151732786,49.027477363182705,515,1,1,515
1106,19.526096779525762,16.519736998928952,596,1,1,596
1107,64.99491862745099,59.01431805922015,648,1,1,648
1108,13.780472948016417,10.782241923621175,426,1,1,426
1109,45.93522749658003,30.849114521286353,499,1,1,499
1110,2.1829110408116734,1.293738232300915,658,1,1,658
1111,29.407839968080253,27.67189099501157,457,1,1,457
1112,15.61312400250798,14.33608564238644,540,1,1,540
1113,46.95908968308253,41.81660076380984,659,1,1,659
1114,56.85172564409485,54.71051089993865,296,1,1,296
1115,15.82084343365253,14.998514402202463,332,1,1,332
1116,0.43335043319653443,0.23162370914720035,26,1,1,26
1117,28.50935379616963,22.741416394734774,689,1,1,689
1118,4.104278106475148,3.9239048626912636,348,1,1,348
1119,50.67527001823986,46.820759272066084,502,1,1,502
1120,61.33428638850889,58.56336434614962,336,1,1,336
1121,0.28413413132694937,0.1505236821732229,147,1,1,147
1122,115.60335386456909,109.15565879568425,404,1,1,404
1123,311.79729880870946,292.3986897026454,448,1,1,448
1124,48.00736699726402,44.61460527867395,639,1,1,639
1125,18.319318621751027,17.085398510285582,537,1,1,537
1126,80.18249624373004,73.32522543664041,689,1,1,689
1127,313.16697041723666,295.0430042990064,453,1,1,453
1128,274.33912619699043,250.0546538381788,701,1,1,701
1129,65.43276533287734,63.16391262883581,255,1,1,255
1130,297.672812870497,276.92010843161574,569,1,1,569
1131,205.2616940264478,195.81211498913737,370,1,1,370
1132,163.77637938896487,156.54938531014855,198,1,1,198
1133,6.5598611833105345,5.933213261156781,497,1,1,497
1134,95.58501481988144,83.47534517447089,575,1,1,575
1135,29.805494756041952,26.906655589698598,444,1,1,444
1136,79.58963178294573,68.74566963347715,610,1,1,610
1137,40.286371409028725,36.29387038332099,457,1,1,457
1138,104.89088577291383,94.51442627562962,457,1,1,457
1139,201.0046796625627,184.79638547596056,367,1,1,367
1140,15.246317829457363,13.011344754443597,654,1,1,654
1141,170.92797397970816,158.48166977842243,282,1,1,282
1142,17.93488666780666,16.111679395382193,415,1,1,415
1143,3.7588152131782944,3.2124447263081857,589,1,1,589
1144,14.325900056999544,13.30957618732662,287,1,1,287
1145,127.90494656862745,111.08808753634915,511,1,1,511
1146,27.83986466598267,25.51429316282018,347,1,1,347
1147,53.98347259461924,45.50858393465736,646,1,1,646
1148,55.40302309051527,49.30978570433735,447,1,1,447
1149,35.977534484724124,30.252228809508168,667,1,1,667
1150,116.41380523255812,101.60961219683098,487,1,1,487
1151,99.13804228796171,93.33121695123232,217,1,1,217
1152,9.162870599635202,8.284732827553006,393,1,1,393
1153,66.76439912220702,56.31733911608166,660,1,1,660
1154,17.923397349521203,16.900841757507447,230,1,1,230
1155,17.90930161878705,16.33434998116229,353,1,1,353
1156,41.28667891586867,36.64171026821047,471,1,1,471
1157,66.35878487802098,58.1932157842791,514,1,1,514
1158,16.18293010145919,14.3436324532393,465,1,1,465
1159,157.7501944881441,148.2078819328777,250,1,1,250
1160,262.29436388508896,242.05964500968696,663,1,1,663
1161,24.327228682170546,23.355274964172047,321,1,1,321
1162,43.30204058367533,40.89179311647256,460,1,1,460
1163,5.124271830825354,4.900150613701711,373,1,1,373
1164,233.1062079628363,223.97678942432105,318,1,1,318
1165,35.634232216142266,33.66146242617519,462,1,1,462
1166,70.97079101117191,65.18601948352324,678,1,1,678
1167,26.676622777017784,24.897019738346817,544,1,1,544
1168,146.62597709188324,142.84411449745866,212,1,1,212
1169,35.09216028271774,33.975967801289855,259,1,1,259
1170,82.91749643752851,80.99462698416707,192,1,1,192
1171,16.08450652644779,15.075615687102987,510,1,1,510
1172,217.1389751481988,200.07776371356695,667,1,1,667
1173,71.31891971614226,67.1676107641912,491,1,1,491
1174,244.51839075467396,227.02176230483713,607,1,1,607
1175,14.817126367989056,14.37742363665891,248,1,1,248
1176,15.085281577747377,14.710370204408203,207,1,1,207
1177,318.9475183823529,292.74524992766703,695,1,1,695
1178,27.035583817829455,26.44401676420913,178,1,1,178
1179,131.17182227542182,123.93334609736503,461,1,1,461
1180,35.27590957022345,32.56902758330762,640,1,1,640
1181,52.70543348153214,50.731546106308336,308,1,1,308
1182,74.26968835499316,71.26004014776107,332,1,1,332
1183,231.01063696990425,214.60468768279935,596,1,1,596
1184,81.38465885772914,77.49476326700324,401,1,1,401
1185,135.34749187756498,132.27034296507603,193,1,1,193
1186,71.49087066803466,66.11952802186481,656,1,1,656
1187,376.97895163588686,365.82325621195326,243,1,1,243
1188,37.01170328887369,35.31832475848135,388,1,1,388
1189,141.20137796397628,131.87545671649616,554,1,1,554
1190,97.4101289614683,94.4403474399311,245,1,1,245
1191,7.003969590743274,6.484804230053849,614,1,1,614
1192,7.9390667749657995,7.472270697612517,487,1,1,487
1193,43.717423478112174,41.10095430369592,514,1,1,514
1194,69.412280124259,65.03195968483861,522,1,1,522
1195,8.629900250797993,8.084044206803558,514,1,1,514
1196,65.418288873689,63.89851011762983,195,1,1,195
1197,164.95065529525766,158.58685095352445,324,1,1,324
1198,26.03293752849977,25.23187303090652,260,1,1,260
1199,53.929959929320574,50.52409149679634,556,1,1,556
1200,249.3860986092111,230.98710052244823,627,1,1,627
1201,34.772718365253084,33.24176628297435,371,1,1,371
1202,265.7101042863657,249.19045506432133,520,1,1,520
1203,106.70183088235295,104.23954728284842,198,1,1,198
1204,48.75333618331053,42.424123464063285,549,1,1,549
1205,11.849122207022344,10.974453194439103,621,1,1,621
1206,57.64797081623347,34.22684904586228,696,1,1,696
1207,37.50004822161423,35.28951778459623,491,1,1,491
1208,18.79343365253078,17.70445085031097,487,1,1,487
1209,268.53497332421347,248.2379506761721,686,1,1,686
1210,2.7533812129502966,2.2009465125548253,669,1,1,669
1211,8.828238144094849,7.876061987122153,667,1,1,667
1212,61.407399110807106,60.009687502287164,186,1,1,186
1213,1431.745851630187,1361.0660816509521,414,1,1,414
1214,245.36621631326952,232.03648860710757,455,1,1,455
1215,259.84022332421335,250.14301479923884,310,1,1,310
1216,30.202680118559055,29.129470014072936,299,1,1,299
1217,138.0919492134063,133.89007138195845,254,1,1,254
1218,81.68908567031463,79.1000340003736,256,1,1,256
1219,0.0,0.0,0,0,0,0
1220,84.50846089831282,81.55148962741109,290,1,1,290
1221,414.03402610579116,388.01539605797853,537,1,1,537
1222,29.019845588235295,27.611273973180733,405,1,1,405
1223,308.9186349749202,298.30033822898923,291,1,1,291
1224,115.90370143638852,113.47891394661006,175,1,1,175
1225,26.02277302781578,25.03216470887007,307,1,1,307
1226,47.96773825809394,44.82801164899963,531,1,1,531
1227,46.884238600091194,45.19288708808707,304,1,1,304
1228,548.6542378134975,526.959894117865,328,1,1,328
1229,108.51100091199271,104.81186925644025,285,1,1,285
1230,45.19208321933425,42.70932792677204,458,1,1,458
1231,1.9914078887368898,1.7743202102013942,338,1,1,338
1232,1079.2975564295486,1030.2148102964381,389,1,1,389
1233,79.1722272001824,77.05346096125092,220,1,1,220
1234,603.0207978226175,577.4078185376036,356,1,1,356
1235,452.1390714318286,437.42457364999876,271,1,1,271
1236,3.0600376196990418,2.9682372842822558,253,1,1,253
1237,0.9074327405380757,0.568733132444558,51,1,1,51
1238,125.88804183766528,118.9085348426095,460,1,1,460
1239,0.00010316917464660283,0.00010316917464660283,0,0,0,0
1240,86.87050490196079,85.0572565624203,175,1,1,175
1241,77.31823780209757,71.89986294198901,589,1,1,589
1242,724.261799874601,676.6002617555887,547,1,1,547
1243,1.5190904582763338,1.4318800829542537,470,1,1,470
1244,10.866030380756953,10.553634379102796,243,1,1,243
1245,142.32528283173735,131.88718803915162,624,1,1,624
1246,144.7453260373917,141.3750816446867,189,1,1,189
1247,11.61147680118559,11.243384231004686,302,1,1,302
1248,3416.9642840857273,3319.062588309751,241,1,1,241
1249,223.58549931600547,210.03531280612722,514,1,1,514
1250,23.047986434108527,21.789934812113362,460,1,1,460
1251,245.93570029639764,231.49631334834538,493,1,1,493
1252,47.158629730962154,43.86942666869452,597,1,1,597
1253,20.86810898312813,20.1846594745392,270,1,1,270
1254,89.80351493388054,83.19378879975923,622,1,1,622
1255,33.784020405836756,32.97920636321606,197,1,1,197
1256,63.40516797765618,61.22005714155993,279,1,1,279
1257,28.220187984496125,27.493649470517358,210,1,1,210
1258,109.84116638166894,104.82828438852476,375,1,1,375
1259,27.176141757865935,25.958858287054042,378,1,1,378
1260,0.0,0.0,0,0,0,0
1261,74.87986713406292,69.69243946429307,591,1,1,591
1262,1786.923060989512,1665.246906161295,572,1,1,572
1263,1198.9416589717282,1139.3590408234136,419,1,1,419
1264,360.4161639876881,352.29303268906807,192,1,1,192
1265,133.39536189010488,122.88032077351518,583,1,1,583
1266,129.08105129958957,125.339137358405,249,1,1,249
1267,141.87481743046058,133.13275035668204,522,1,1,522
1268,107.6192905266758,101.41190929111485,490,1,1,490
1269,8.568969448244413,8.074192502962212,282,1,1,282
1270,77.86268809849521,74.88636161502944,319,1,1,319
1271,93.90313144094847,87.98561680442899,533,1,1,533
1272,37.378802097583225,35.37247383136294,440,1,1,440
1273,0.0,0.0,0,0,0,0
1274,428.63187700638395,416.3474677512492,242,1,1,242
1275,531.2696134290926,494.0394857025488,600,1,1,600
1276,190.29525444596445,181.26269721204415,401,1,1,401
1277,625.6657958846329,598.307622308071,364,1,1,364
1278,309.84889420884633,296.5431900936697,347,1,1,347
1279,290.85099059507525,278.17319882731925,368,1,1,368
1280,62.250349179206566,60.75416618575235,202,1,1,202
1281,65.23519602143183,63.7143992518262,196,1,1,196
1282,181.54750302097585,174.24063970195655,339,1,1,339
1283,19.463406292749657,18.917049667586436,238,1,1,238
1284,654.0905870953034,614.7651562583267,505,1,1,505
1285,220.76049196306428,213.1582199518398,287,1,1,287
1286,16.56157147742818,15.615294782242472,482,1,1,482
1287,687.3160705654354,648.4359819264286,477,1,1,477
1288,64.7984496124031,62.62942398987981,274,1,1,274
1289,469.2031986434109,450.7198106544886,325,1,1,325
1290,382.7063953488372,359.84604786742125,356,1,1,356
1291,32.038106076151394,30.21742055619809,476,1,1,476
1292,19.461445451436386,18.142544321133137,596,1,1,596
1293,206.21187158002738,201.25672235178962,197,1,1,197
1294,85.51093268353854,82.57434225264137,295,1,1,295
1295,64.09439124487004,59.217840816277665,650,1,1,650
1296,132.20774031007755,123.23348446511083,574,1,1,574
1297,181.47941683766527,177.14590909376926,202,1,1,202
1298,62.25202143182854,59.43369299465345,367,1,1,367
1299,13.65471169630643,12.700580372721658,587,1,1,587
1300,181.5425046739626,167.0915365944086,687,1,1,687
1301,6.625598495212039,6.341636037486682,354,1,1,354
1302,78.0366639876881,72.93808669078919,558,1,1,558
1303,88.5374487004104,85.37895754808744,300,1,1,300
1304,263.4045143638851,248.70249764140402,474,1,1,474
1305,56.59775108299134,55.29949054962277,204,1,1,204
1306,44.25118986548108,41.92345578033043,463,1,1,463
1307,58.80858920428636,54.27633799754898,676,1,1,676
1308,52.481575125399,49.179557281641486,494,1,1,494
1309,95.87271551527587,90.56698837312639,471,1,1,471
1310,19.482290412676697,18.554498020490023,401,1,1,401
1311,1384.371023278614,1314.5581305987716,400,1,1,400
1312,198.50185316917467,193.64596210766766,206,1,1,206
1313,354.2045902872777,334.30933253089614,466,1,1,466
1314,214.5310406634747,200.62524648641843,546,1,1,546
1315,195.50860556315547,187.4799710760389,347,1,1,347
1316,89.46052884176926,83.49325095025435,574,1,1,574
1317,838.4116507067944,785.9130866037877,535,1,1,535
1318,102.61302017783858,100.44818897374833,180,1,1,180
1319,232.1693850889193,217.69914348153617,524,1,1,524
1320,52.49824720702234,51.22001870438688,205,1,1,205
1321,65.33117675558596,62.902912659305365,302,1,1,302
1322,28.40955717054264,27.34566370847838,305,1,1,305
1323,161.19169858641132,151.298881652008,525,1,1,525
1324,473.34564004787967,462.69862882869216,192,1,1,192
1325,293.6240260487916,282.16448727412717,330,1,1,330
1326,150.33738674190607,145.08982748972522,301,1,1,301
1327,105.50039899680803,101.8134912837759,302,1,1,302
1328,111.77902114683081,109.03231472680997,201,1,1,201
1329,324.8057287391701,311.4243588716577,344,1,1,344
1330,945.3805279297766,873.9395868631158,641,1,1,641
1331,56.27482489740082,53.149496463393874,470,1,1,470
1332,225.89252080483354,218.59396786949927,275,1,1,275
1333,41.34143570451436,39.37981250079446,389,1,1,389
1334,531.8847883606932,496.040725792293,569,1,1,569
1335,556.5397919516645,536.6473728986715,303,1,1,303
1336,111.44100547195623,104.60268260402174,461,1,1,461
1337,999.1524205426356,933.8411241494093,556,1,1,556
1338,27.756205369357044,25.782660701585637,605,1,1,605
1339,137.824110123119,130.59437051618102,445,1,1,445
1340,300.13170411536703,281.5831592636548,525,1,1,525
1341,66.11990600775194,63.469249730177836,288,1,1,288
1342,112.98728910168718,106.87895381523296,453,1,1,453
1343,85.38763223894207,82.33563078966681,295,1,1,295
1344,147.87078345873232,142.65759845421047,308,1,1,308
1345,85.04352986776105,78.34694196018228,681,1,1,681
1346,385.0055055859553,362.91585716562224,490,1,1,490
1347,58.05866860465116,54.04971309251041,587,1,1,587
1348,30.40508781349749,28.49497022789988,499,1,1,499
1349,296.6217335157319,286.6250173231945,237,1,1,237
1350,26.0421796625627,24.11148629807386,621,1,1,621
1351,68.28735717624258,64.73997934192579,436,1,1,436
1352,102.56823196534428,97.955091609226,372,1,1,372
1353,653.0129145804833,608.9810464541584,567,1,1,567
1354,686.8141814865481,661.391425115454,314,1,1,314
1355,16.09432689238486,15.668065358846501,212,1,1,212
1356,134.93804893410854,129.67754774721163,319,1,1,319
1357,222.9528774737802,217.28270858809543,195,1,1,195
1358,29.503348358413135,27.358598294680355,620,1,1,620
1359,54.25150404696763,51.954574619786996,338,1,1,338
1360,405.4976550387597,379.7222718712202,532,1,1,532
1361,49.491401618787044,45.64538862398819,663,1,1,663
1362,180.14700182398542,173.40649038749527,312,1,1,312
1363,32.56663822959416,27.636845085871922,638,1,1,638
1364,85.86043345873235,78.39658816381046,666,1,1,666
1365,130.11057806657547,119.85598017032133,678,1,1,678
1366,1542.947068359553,1427.5481798095439,636,1,1,636
1367,431.8269842225263,391.4616294619709,594,1,1,594
1368,73.15410263907889,69.17421358114075,457,1,1,457
1369,294.60715914272686,278.3005840135725,467,1,1,467
1370,156.17599236776104,145.880402445426,532,1,1,532
1371,567.7948016415869,537.8393615799821,440,1,1,440
1372,0.0,0.0,0,0,0,0
1373,64.46545827633379,61.2299070873521,411,1,1,411
1374,0.0,0.0,0,0,0,0
1375,40.0386042749658,37.63417991526518,477,1,1,477
1376,194.1174096386229,180.6111785436086,602,1,1,602
1377,47.79929545713635,45.5922007944045,392,1,1,392
1378,187.01065317487462,172.85165224641366,641,1,1,641
1379,44.20753533971728,43.117128482775215,205,1,1,205
1380,126.85128818969449,117.92738215467732,598,1,1,598
1381,115.87428632580938,106.22196034376945,695,1,1,695
1382,30.613766649566802,28.509822174334953,551,1,1,551
1383,54.745196249429995,51.352216177468264,525,1,1,525
1384,26.495497856817146,24.692960850511916,496,1,1,496
1385,46.04907660738714,44.230533085108306,329,1,1,329
1386,53.25161455198358,50.571192084039595,426,1,1,426
1387,51.90792774167807,48.0110920033869,646,1,1,646
1388,444.2667008663931,419.03511524837177,490,1,1,490
1389,304.1386662106703,291.701025469379,349,1,1,349
1390,598.4348789728682,555.7668505241085,583,1,1,583
1391,69.34689922480621,65.92624246387908,420,1,1,420
1392,22.538987688098494,21.991033086126716,205,1,1,205
1393,124.4937870497036,113.69958472003856,342,1,1,342
1394,103.86157434450526,95.15254472725577,700,1,1,700
1395,65.37636875854993,63.35046593126315,268,1,1,268
1396,401.13390794573644,380.1474007242123,420,1,1,420
1397,276.9474548962608,269.96240386985636,204,1,1,204
1398,517.6086911707706,502.9583638287043,227,1,1,227
1399,11.416210670314637,10.794864356813019,465,1,1,465
1400,39.10451918034656,35.78426668786637,683,1,1,683
1401,267.26549129616967,254.89483409258844,387,1,1,387
1402,109.59197081623346,102.90145059830463,526,1,1,526
1403,38.72476607387141,37.12001774018566,265,1,1,265
1404,60.08544231646147,56.945630456546084,444,1,1,444
1405,348.2014933880529,336.37245138985315,283,1,1,283
1406,49.24333784199726,47.49486999497128,304,1,1,304
1407,41.31190150478796,40.21912014165914,230,1,1,230
1408,690.6172743274054,672.4790091294548,219,1,1,219
1409,15.877432267441861,15.34852309007572,281,1,1,281
1410,907.8237865709074,862.6112318110559,425,1,1,425
1411,152.18405152758777,144.73461437323357,415,1,1,415
1412,434.18304691062474,405.2371333132879,527,1,1,527
1413,184.54691731646147,174.3689791305954,462,1,1,462
1414,340.03457035453715,329.9900939888346,240,1,1,240
1415,81.18837590059277,75.88774276206827,534,1,1,534
1416,178.29957982786138,172.2678795483974,295,1,1,295
1417,316.8460427667579,306.9682799990357,264,1,1,264
1418,144.1556949213406,136.43192171001627,427,1,1,427
1419,127.93335784313723,125.27529477542913,186,1,1,186
1420,29.203146374829,28.39572616859657,245,1,1,245
1421,492.32204742362063,469.17546489498227,396,1,1,396
1422,112.09753334473324,108.22225339033676,295,1,1,295
1423,78.38548791609666,75.14176434330457,346,1,1,346
1424,39.0870335613315,37.6691916730717,316,1,1,316
1425,30.838637574099412,30.051000905382534,216,1,1,216
1426,13.555534319425444,12.337586315569867,535,1,1,535
1427,66.2310761513908,63.08336995201998,404,1,1,404
1428,103.78532683538532,100.27384244306997,282,1,1,282
1429,46.79557398540811,43.376841505837,619,1,1,619
1430,21.786308709530324,21.016841503393707,296,1,1,296
1431,48.9476623632011,46.78395145373767,366,1,1,366
1432,375.9906386570908,338.99046895924494,677,1,1,677
1433,172.0940507751938,168.15895145732034,185,1,1,185
1434,79.4356731475148,75.4679390348667,426,1,1,426
1435,220.0837023882809,206.54844645938005,510,1,1,510
1436,169.08289055517557,160.17281517155376,432,1,1,432
1437,101.18222175102598,93.48501146092524,656,1,1,656
1438,189.29703430232556,185.25822675616988,175,1,1,175
1439,90.9560994870041,85.01653307974703,518,1,1,518
1440,129.48137684108525,122.69907659477653,439,1,1,439
1441,76.95126538987688,68.09356451784333,455,1,1,455
1442,77.13957341541267,74.4447437971585,298,1,1,298
1443,47.94607843137255,44.830948376620086,550,1,1,550
1444,175.55201768695855,166.3436455904549,419,1,1,419
1445,145.231444750342,140.02011065229064,283,1,1,283
1446,83.20849167236662,77.87676805310264,506,1,1,506
1447,146.60499316005473,139.7590647632138,390,1,1,390
1448,84.55724464204286,79.00084205745821,557,1,1,557
1449,470.9358433481533,440.8778704038353,545,1,1,545
1450,24.829728647970818,22.58884871014015,674,1,1,674
1451,381.56590670314637,364.81047284945083,370,1,1,370
1452,130.53746750455997,121.47322856975693,563,1,1,563
1453,46.26673291153671,43.86661957395741,409,1,1,409
1454,30.94995866963065,30.20558073161933,193,1,1,193
1455,81.06617741678068,78.13642929390373,279,1,1,279
1456,61.51539415754674,57.78447474012883,473,1,1,473
1457,78.57071077291381,74.84490413165967,366,1,1,366
1458,13.520970605335158,13.144659366283417,215,1,1,215
1459,12.586718160054719,11.584941948268947,630,1,1,630
1460,120.70113476402189,116.00572218450107,299,1,1,299
1461,13.782066039671683,13.000444548250629,439,1,1,439
1462,106.62095350547195,102.72150560478391,279,1,1,279
1463,35.180588816689465,32.41284960196827,629,1,1,629
1464,76.84222431600547,70.84316612673457,614,1,1,614
1465,358.9086012311902,333.447115678347,552,1,1,552
1466,30.91007277131783,30.179060472778325,182,1,1,182
1467,24.058171363429096,23.238261887209813,269,1,1,269
1468,19.56939930460556,18.181890320849856,558,1,1,558
1469,55.31353501481988,53.5790603469802,213,1,1,213
1470,213.30584910510717,205.26888874660634,290,1,1,290
1471,65.12419392954857,62.379732087160036,293,1,1,293
1472,241.87863894208846,223.00703336236364,618,1,1,618
1473,66.74185049589605,64.06756398138234,306,1,1,306
1474,433.11935278727765,412.0333449082715,376,1,1,376
1475,170.12659931030552,157.14500605371788,602,1,1,602
1476,101.48731427268582,96.79956062794139,357,1,1,357
1477,15.449494607843135,14.285487712755732,605,1,1,605
1478,189.43139487004106,184.59352608023252,196,1,1,196
1479,65.8219205882353,62.621390675736826,374,1,1,374
1480,117.01053493502053,112.0511807837142,318,1,1,318
1481,74.98846947104424,72.81038758551927,219,1,1,219
1482,27.318958048335613,26.005304437462094,373,1,1,373
1483,64.0234629274966,58.47389363454163,677,1,1,677
1484,5.581581549247606,5.298485922980638,390,1,1,390
1485,224.57595140788877,211.64833631290253,449,1,1,449
1486,6.858570850433196,6.25348660562454,693,1,1,693
1487,10.062972623119014,9.51111158324635,423,1,1,423
1488,159.23272961696304,154.5697120831312,216,1,1,216
1489,22.114209992020065,21.056070287802818,375,1,1,375
1490,54.308368958048334,51.87551252327092,342,1,1,342
1491,11.26025656634747,10.457522405196164,558,1,1,558
1492,111.19410957022343,101.79387622553469,660,1,1,660
1493,75.76524216826265,72.40221592150948,330,1,1,330
1494,209.9280124145007,193.07722646516962,635,1,1,635
1495,3.4284242362061104,2.8727554016692696,675,1,1,675
1496,655.3212100091199,599.019599196198,676,1,1,676
1497,119.3656976630187,113.89399786704043,364,1,1,364
1498,46.81301774965801,44.14895853222561,445,1,1,445
1499,17.654251225490196,16.764443650700763,403,1,1,403
1500,35.58414842681258,32.71438287499205,632,1,1,632
1501,51.86577938326493,49.706861493681615,312,1,1,312
1502,359.98371855905157,333.1918660688812,575,1,1,575
1503,152.73324355905152,143.07333161437424,488,1,1,488
1504,1.2180465287277702,1.154435520328558,404,1,1,404
1505,4.359611069311445,4.224210503569084,244,1,1,244
1506,245.5971965857273,231.68601419076128,437,1,1,437
1507,112.36211476288189,105.48292819186241,479,1,1,479
1508,398.78598570451436,382.3498175968291,314,1,1,314
1509,50.09415183538531,46.21522564836628,609,1,1,609
1510,85.96501321249431,79.67494208344867,571,1,1,571
1511,1.663359268125855,1.2980008278882653,103,1,1,103
1512,73.83629066347468,67.36701705588278,688,1,1,688
1513,100.20910853853171,95.52759342502934,358,1,1,358
1514,6.192402912676698,5.765233751648229,547,1,1,547
1515,146.58560857273145,134.24193044745158,681,1,1,681
1516,63.36595322047424,60.14145881198133,401,1,1,401
1517,100.67723771089831,92.0677625518402,692,1,1,692
1518,19.210871705426353,18.26756217448858,386,1,1,386
1519,6.551310516415868,5.9792937851696655,701,1,1,701
1520,2.9748062015503876,2.739703464376496,625,1,1,625
1521,82.13201521887825,77.87142421418727,407,1,1,407
1522,3.1451065834473324,2.9732738338196563,329,1,1,329
1523,276.70036955654354,253.98888110634917,643,1,1,643
1524,103.18372093023257,95.65317325209963,574,1,1,574
1525,405.706261873005,393.5267319639099,231,1,1,231
1526,89.84597630528957,86.26086478788896,302,1,1,302
1527,69.34400221728227,64.08692776687285,595,1,1,595
1528,204.32807985636111,191.27656880686422,492,1,1,492
1529,8.256529776561786,7.907571414642483,333,1,1,333
1530,13.864004309165527,12.942060889976776,525,1,1,525
1531,167.83475453146374,151.2503736535476,672,1,1,672
1532,65.10081223780209,63.37115655717523,210,1,1,210
1533,11.640814996580028,10.63431637466666,669,1,1,669
1534,11.12660880642955,10.388919665524124,526,1,1,526
1535,16.525656446648423,16.134962439407886,184,1,1,184
1536,0.18636285909712721,0.09564361977949694,417,1,1,417
1537,77.0940672993616,75.11657166323602,199,1,1,199
1538,16.19575923392613,15.103668176443525,531,1,1,531
1539,11.967732073643411,11.558426418139838,278,1,1,278
1540,19.713725017099858,19.025907365196883,269,1,1,269
1541,236.3780442373461,228.8063821575847,250,1,1,250
1542,799.1810082250342,771.424365093203,264,1,1,264
1543,48.419562226402185,45.97307801984131,388,1,1,388
1544,216.24434374145008,201.52103646568875,541,1,1,541
1545,120.43980943342451,111.19506085974166,602,1,1,602
1546,7.1039947275421795,6.893163940679712,229,1,1,229
1547,87.95845256497948,83.4510318158229,398,1,1,398
1548,5.3873413645690835,5.02237078248077,541,1,1,541
1549,11.676197457820335,10.293518441714898,627,1,1,627
1550,176.18772988486091,162.12046717071868,630,1,1,630
1551,14.992453739170085,14.170470719787037,383,1,1,383
1552,233.58153168034656,213.88311256930294,661,1,1,661
1553,14.025732449840401,13.072851278787141,541,1,1,541
1554,159.75462408800732,145.90341762075724,683,1,1,683
1555,243.92716882694938,226.0966047835689,580,1,1,580
1556,339.159434370725,308.92655736654626,592,1,1,592
1557,30.158451139990877,27.61233331477812,659,1,1,659
1558,74.49820357387141,68.7143914504466,608,1,1,608
1559,918.4317045998632,886.4911778464066,267,1,1,267
1560,41.137154679662565,38.678012020428376,466,1,1,466
1561,154.6093697731418,145.02028919986924,478,1,1,478
1562,145.1631003875969,137.2136201737403,421,1,1,421
1563,95.65729024737803,88.92007900591484,560,1,1,560
1564,301.59259005927953,286.02372938334224,395,1,1,395
1565,153.99129569653445,141.71995600161478,629,1,1,629
1566,42.95507819197447,41.72529473209681,214,1,1,214
1567,46.52351419858641,44.31913715049856,368,1,1,368
1568,166.9282385088919,159.8784890683831,328,1,1,328
1569,707.6459967567259,644.2221452218652,701,1,1,701
1570,119.18895633264934,113.99735629852019,344,1,1,344
1571,6.112802399680803,4.778483145644511,665,1,1,665
1572,482.1869376937984,460.956394865396,344,1,1,344
1573,41.447504280665754,40.11180901768655,247,1,1,247
1574,708.6498681087552,660.1132314846158,526,1,1,526
1575,39.063126430688556,35.806778242250786,660,1,1,660
1576,348.32954240196085,317.5443209889682,680,1,1,680
1577,180.16117625968988,155.46397233588593,600,1,1,600
